Impervious,Water,Herbaceous,BareSoilDr,Unsuitable,PossiblePl,Shrub,Shape_Area,object_id,Year,UrbanTreeCanopy_pct
68.9111233454,0,9.92651458937,0,0,10.015080068,0.0885654786126,763.3321968669999,1,2020,25.2220121119
68.9111233454,0,9.92651458937,0,0,10.015080068,0.0885654786126,763.3321968669999,1,2022,19.6950475142
68.9111233454,0,9.92651458937,0,0,10.015080068,0.0885654786126,763.3321968669999,1,2024,21.0737965866
56.0854092527,0,13.9182721806,0,0,14.1686096454,0.25033746472,9423.53362123,2,2020,32.0235611732
56.0854092527,0,13.9182721806,0,0,14.1686096454,0.25033746472,9423.53362123,2,2022,26.6339428151
56.0854092527,0,13.9182721806,0,0,14.1686096454,0.25033746472,9423.53362123,2,2024,29.745981102
77.0911661686,0,2.01163276455,0,0,2.01163276455,0,10954.0001229,3,2020,24.451299849
77.0911661686,0,2.01163276455,0,0,2.01163276455,0,10954.0001229,3,2022,18.6124232784
77.0911661686,0,2.01163276455,0,0,2.01163276455,0,10954.0001229,3,2024,20.8972010669
60.1269781698,0,8.83217614312,0,0,9.05110402202,0.218927878902,138.046928264,4,2020,37.0832551448
60.1269781698,0,8.83217614312,0,0,9.05110402202,0.218927878902,138.046928264,4,2022,21.6894977169
60.1269781698,0,8.83217614312,0,0,9.05110402202,0.218927878902,138.046928264,4,2024,30.8219178082
68.7205537352,0,4.17046357873,0,0,4.43414700351,0.263683424782,12551.0986224,5,2020,32.5358202299
68.7205537352,0,4.17046357873,0,0,4.43414700351,0.263683424782,12551.0986224,5,2022,25.6121914807
68.7205537352,0,4.17046357873,0,0,4.43414700351,0.263683424782,12551.0986224,5,2024,26.8452992613
51.6111602318,0,5.42292956086,0,0,5.42292956086,0,8869.7890297,6,2020,46.6204931722
51.6111602318,0,5.42292956086,0,0,5.42292956086,0,8869.7890297,6,2022,33.7803320562
51.6111602318,0,5.42292956086,0,0,5.42292956086,0,8869.7890297,6,2024,42.9659102073
71.6273076316,0,2.12880660601,0,0,2.15247462263,0.0236680166202,21927.0131363,7,2020,27.5337926682
71.6273076316,0,2.12880660601,0,0,2.15247462263,0.0236680166202,21927.0131363,7,2022,25.1222847525
71.6273076316,0,2.12880660601,0,0,2.15247462263,0.0236680166202,21927.0131363,7,2024,26.2202177458
47.8901727103,0.0278565026766,12.2859288327,0,0,12.4940939874,0.204684737059,20597.4157932,8,2020,45.2624692584
47.8901727103,0.0278565026766,12.2859288327,0,0,12.4940939874,0.204684737059,20597.4157932,8,2022,38.4853954908
47.8901727103,0.0278565026766,12.2859288327,0,0,12.4940939874,0.204684737059,20597.4157932,8,2024,39.6023890578
43.8247247469,0,12.8057341314,0,0,13.5032882583,0.697554126949,14705.7043647,9,2020,42.3320771448
43.8247247469,0,12.8057341314,0,0,13.5032882583,0.697554126949,14705.7043647,9,2022,39.4354540752
43.8247247469,0,12.8057341314,0,0,13.5032882583,0.697554126949,14705.7043647,9,2024,42.6719869948
38.1470666313,0,25.2665111145,0.00698587456164,0,26.1062132368,0.839702122309,28592.783751,10,2020,40.9414164559
38.1470666313,0,25.2665111145,0.00698587456164,0,26.1062132368,0.839702122309,28592.783751,10,2022,35.0481326757
38.1470666313,0,25.2665111145,0.00698587456164,0,26.1062132368,0.839702122309,28592.783751,10,2024,35.7397342573
52.9082856616,0,17.2891677431,0,0,17.6822291936,0.393061450452,10071.271895,11,2020,33.6538106662
52.9082856616,0,17.2891677431,0,0,17.6822291936,0.393061450452,10071.271895,11,2022,30.2823399151
52.9082856616,0,17.2891677431,0,0,17.6822291936,0.393061450452,10071.271895,11,2024,29.4094851449
61.4061498146,0,9.10206016002,0,0,9.16339104012,0.0613308800981,9056.00040706,12,2020,34.1092618922
61.4061498146,0,9.10206016002,0,0,9.16339104012,0.0613308800981,9056.00040706,12,2022,30.8596545027
61.4061498146,0,9.10206016002,0,0,9.16339104012,0.0613308800981,9056.00040706,12,2024,29.4304591453
95.7708858881,0,0.0445169906514,0,0,0.0445169906514,0,605.069958793,13,2020,3.18543799772
95.7708858881,0,0.0445169906514,0,0,0.0445169906514,0,605.069958793,13,2022,4.41212840679
95.7708858881,0,0.0445169906514,0,0,0.0445169906514,0,605.069958793,13,2024,4.18459712123
67.630172648,0,16.4411538698,0.614742722574,6.76742915412,10.0672886164,0.393563900811,35228.2686809,14,2020,16.6158763736
67.630172648,0,16.4411538698,0.614742722574,6.76742915412,10.0672886164,0.393563900811,35228.2686809,14,2022,14.9580578337
67.630172648,0,16.4411538698,0.614742722574,6.76742915412,10.0672886164,0.393563900811,35228.2686809,14,2024,14.9203668588
76.9427233058,0,5.77233630731,0,0,5.90519166676,0.132855359454,8132.14717711,15,2020,20.7540686954
76.9427233058,0,5.77233630731,0,0,5.90519166676,0.132855359454,8132.14717711,15,2022,18.3019710696
76.9427233058,0,5.77233630731,0,0,5.90519166676,0.132855359454,8132.14717711,15,2024,17.1520850274
51.4423626839,2.42124768376,17.0548806991,0.199025461533,0,18.5386804706,1.03493239997,7333.580971110001,16,2020,29.438794409
51.4423626839,2.42124768376,17.0548806991,0.199025461533,0,18.5386804706,1.03493239997,7333.580971110001,16,2022,28.7078064265
51.4423626839,2.42124768376,17.0548806991,0.199025461533,0,18.5386804706,1.03493239997,7333.580971110001,16,2024,28.5385398058
79.8207841706,0,2.4181972996,0,0,2.52118558164,0.102988282042,21436.9444934,17,2020,18.5403235616
79.8207841706,0,2.4181972996,0,0,2.52118558164,0.102988282042,21436.9444934,17,2022,15.43851113
79.8207841706,0,2.4181972996,0,0,2.52118558164,0.102988282042,21436.9444934,17,2024,17.6580302477
57.5732732117,0,10.4406640705,0,0,10.5144496823,0.0737856118057,8267.96974303,18,2020,37.7659356425
57.5732732117,0,10.4406640705,0,0,10.5144496823,0.0737856118057,8267.96974303,18,2022,28.4962765594
57.5732732117,0,10.4406640705,0,0,10.5144496823,0.0737856118057,8267.96974303,18,2024,31.912277106
100,0,0,0,0,0,0,207.141115188,19,2020,0
100,0,0,0,0,0,0,207.141115188,19,2022,0
100,0,0,0,0,0,0,207.141115188,19,2024,0
63.4615681373,0,15.1891116152,0,0,15.2755273676,0.0864157523571,5467.04516899,20,2020,19.6179189235
63.4615681373,0,15.1891116152,0,0,15.2755273676,0.0864157523571,5467.04516899,20,2022,18.562412234
63.4615681373,0,15.1891116152,0,0,15.2755273676,0.0864157523571,5467.04516899,20,2024,21.2629044952
44.73970762,0,6.28779278549,0,0,6.28779278549,0,651.749254024,21,2020,61.5967379469
44.73970762,0,6.28779278549,0,0,6.28779278549,0,651.749254024,21,2022,53.0825012163
44.73970762,0,6.28779278549,0,0,6.28779278549,0,651.749254024,21,2024,48.9724995946
62.5213411312,0,10.3618002833,0.0835482582004,0,10.401758146,0.0399578626176,9868.62165752,22,2020,34.8723164663
62.5213411312,0,10.3618002833,0.0835482582004,0,10.401758146,0.0399578626176,9868.62165752,22,2022,28.7188056232
62.5213411312,0,10.3618002833,0.0835482582004,0,10.401758146,0.0399578626176,9868.62165752,22,2024,26.9933524647
70.3834075301,0,8.54815888463,0,0,8.81043586293,0.262276978293,9855.93135273,23,2020,23.9431273079
70.3834075301,0,8.54815888463,0,0,8.81043586293,0.262276978293,9855.93135273,23,2022,25.0405494012
70.3834075301,0,8.54815888463,0,0,8.81043586293,0.262276978293,9855.93135273,23,2024,20.806156607
56.4762021719,0,5.58586691462,0,0,5.6542867669,0.0684198522833,20286.8930783,24,2020,45.9728776688
56.4762021719,0,5.58586691462,0,0,5.6542867669,0.0684198522833,20286.8930783,24,2022,41.0677005667
56.4762021719,0,5.58586691462,0,0,5.6542867669,0.0684198522833,20286.8930783,24,2024,37.8695110612
83.8639339697,0,4.34671833431,0,0,4.34671833431,0,19294.2509958,25,2020,13.1799894532
83.8639339697,0,4.34671833431,0,0,4.34671833431,0,19294.2509958,25,2022,12.1353787084
83.8639339697,0,4.34671833431,0,0,4.34671833431,0,19294.2509958,25,2024,11.789347696
69.5969018073,0,5.53010743733,0,0,5.53010743733,0,7866.91595466,26,2020,30.0991088532
69.5969018073,0,5.53010743733,0,0,5.53010743733,0,7866.91595466,26,2022,25.0728741567
69.5969018073,0,5.53010743733,0,0,5.53010743733,0,7866.91595466,26,2024,24.8729907554
98.2667615019,0,1.40006738292,0,0,1.40006738292,0,2443.09477717,27,2020,0
98.2667615019,0,1.40006738292,0,0,1.40006738292,0,2443.09477717,27,2022,0.0617676786583
98.2667615019,0,1.40006738292,0,0,1.40006738292,0,2443.09477717,27,2024,0.333171115187
58.5116538648,0,8.74737475951,0,0,8.91627135073,0.168896591226,13846.431422,28,2020,40.4044706193
58.5116538648,0,8.74737475951,0,0,8.91627135073,0.168896591226,13846.431422,28,2022,32.7071920575
58.5116538648,0,8.74737475951,0,0,8.91627135073,0.168896591226,13846.431422,28,2024,32.5720747845
72.0963668872,0,6.43674770972,0,0,6.70771045695,0.27096274723,5539.68743553,29,2020,27.7248345653
72.0963668872,0,6.43674770972,0,0,6.70771045695,0.27096274723,5539.68743553,29,2022,17.4264068865
72.0963668872,0,6.43674770972,0,0,6.70771045695,0.27096274723,5539.68743553,29,2024,21.1959226558
64.7033026347,0,8.98525790237,0,0,9.04766724016,0.0624093377863,11068.389096,30,2020,29.9227473603
64.7033026347,0,8.98525790237,0,0,9.04766724016,0.0624093377863,11068.389096,30,2022,26.011199946
64.7033026347,0,8.98525790237,0,0,9.04766724016,0.0624093377863,11068.389096,30,2024,26.2490301252
69.471370041,0,10.8790513307,0,0,10.9323473569,0.0532960261151,1007.02361464,31,2020,28.4767329536
69.471370041,0,10.8790513307,0,0,10.9323473569,0.0532960261151,1007.02361464,31,2022,18.9900403051
69.471370041,0,10.8790513307,0,0,10.9323473569,0.0532960261151,1007.02361464,31,2024,19.5962826022
55.8008447971,0,14.2010103316,0.0456647068897,0,14.5299389235,0.328928591815,27693.0551728,32,2020,33.0933557851
55.8008447971,0,14.2010103316,0.0456647068897,0,14.5299389235,0.328928591815,27693.0551728,32,2022,29.5236600263
55.8008447971,0,14.2010103316,0.0456647068897,0,14.5299389235,0.328928591815,27693.0551728,32,2024,29.6235515726
39.8799405015,0,16.9092647684,0.0265618359541,0,17.5440926477,0.634827879303,9829.34237975,33,2020,46.1379090523
39.8799405015,0,16.9092647684,0.0265618359541,0,17.5440926477,0.634827879303,9829.34237975,33,2022,43.9651508712
39.8799405015,0,16.9092647684,0.0265618359541,0,17.5440926477,0.634827879303,9829.34237975,33,2024,42.5494050149
59.0861229761,0,12.5300486739,0,0,15.4226681236,2.89261944969,21700.4093544,34,2020,32.0472832025
59.0861229761,0,12.5300486739,0,0,15.4226681236,2.89261944969,21700.4093544,34,2022,30.1400615874
59.0861229761,0,12.5300486739,0,0,15.4226681236,2.89261944969,21700.4093544,34,2024,25.4912089004
42.3606723114,4.5071029802,18.449164071,13.5257692108,0,19.4958663532,0.168003508746,8704.44222781,35,2020,22.7039187906
42.3606723114,4.5071029802,18.449164071,13.5257692108,0,19.4958663532,0.168003508746,8704.44222781,35,2022,21.8865310062
42.3606723114,4.5071029802,18.449164071,13.5257692108,0,19.4958663532,0.168003508746,8704.44222781,35,2024,21.979946753
32.8894789247,0,33.1961500166,0,0,33.1961500166,0,15187.0542782,36,2020,36.6345834716
32.8894789247,0,33.1961500166,0,0,33.1961500166,0,15187.0542782,36,2022,36.646531696
32.8894789247,0,33.1961500166,0,0,33.1961500166,0,15187.0542782,36,2024,33.9143710587
74.9625983302,0,3.26480382221,0,0,3.30944452488,0.0446407026688,9867.06633886,37,2020,26.9931470489
74.9625983302,0,3.26480382221,0,0,3.30944452488,0.0446407026688,9867.06633886,37,2022,22.2009072921
74.9625983302,0,3.26480382221,0,0,3.30944452488,0.0446407026688,9867.06633886,37,2024,21.7279571449
49.2084432718,0,12.26767955,0,0,12.3242193163,0.0565397663023,17803.3479634,38,2020,44.3822668097
49.2084432718,0,12.26767955,0,0,12.3242193163,0.0565397663023,17803.3479634,38,2022,36.1984980718
49.2084432718,0,12.26767955,0,0,12.3242193163,0.0565397663023,17803.3479634,38,2024,38.4673374119
43.9273651087,0.0259822743151,10.5242645573,0,0,10.6165174704,0.0894945004186,27231.6275868,39,2020,52.7476176725
43.9273651087,0.0259822743151,10.5242645573,0,0,10.6165174704,0.0894945004186,27231.6275868,39,2022,44.2939647704
43.9273651087,0.0259822743151,10.5242645573,0,0,10.6165174704,0.0894945004186,27231.6275868,39,2024,45.4447011262
