Index,site_id,creek_name,unit,week_temp_c,start_week,end_week
1,CGT1,Claggett Creek,C,17.454776785714284,5/1/2018,5/7/2018
1,CGT5,Claggett Creek,C,15.06904761904762,5/1/2018,5/7/2018
1,CRO1,Croisan Creek,C,12.421949404761904,5/1/2018,5/7/2018
1,CRO10,Croisan Creek,C,11.89047619047619,5/1/2018,5/7/2018
1,GIB1,Gibson Creek,C,13.405476190476191,5/1/2018,5/7/2018
1,GIB15,Gibson Creek,C,13.25625,5/1/2018,5/7/2018
1,MRA1,Mill Race,C,14.33078869047619,5/1/2018,5/7/2018
1,MRA10,Mill Race,C,13.858065476190475,5/1/2018,5/7/2018
1,SHE1,Shelton Ditch,C,13.77251488095238,5/1/2018,5/7/2018
1,SHE10,Shelton Ditch,C,13.722643849434524,5/1/2018,5/7/2018
1,WAL3,Waln Creek,C,12.695535714285715,5/1/2018,5/7/2018
2,CGT1,Claggett Creek,C,19.49797619047619,5/10/2018,5/9/2018
2,CGT5,Claggett Creek,C,16.25761904761905,5/10/2018,5/9/2018
2,CRO1,Croisan Creek,C,13.560818452380952,5/10/2018,5/9/2018
2,CRO10,Croisan Creek,C,12.813645833333332,5/10/2018,5/9/2018
2,GIB1,Gibson Creek,C,14.881264880952381,5/10/2018,5/9/2018
2,GIB15,Gibson Creek,C,15.015208333333334,5/10/2018,5/9/2018
2,MRA1,Mill Race,C,15.669702380952382,5/10/2018,5/9/2018
2,MRA10,Mill Race,C,15.507931547619046,5/10/2018,5/9/2018
2,SHE1,Shelton Ditch,C,15.341130952380952,5/10/2018,5/9/2018
2,SHE10,Shelton Ditch,C,15.317080026636905,5/10/2018,5/9/2018
2,WAL3,Waln Creek,C,13.660863095238096,5/10/2018,5/9/2018
3,CGT1,Claggett Creek,C,19.338556547619046,5/15/2018,5/21/2018
3,CGT5,Claggett Creek,C,15.530238095238095,5/15/2018,5/21/2018
3,CRO1,Croisan Creek,C,13.593065476190477,5/15/2018,5/21/2018
3,CRO10,Croisan Creek,C,12.85561011904762,5/15/2018,5/21/2018
3,GIB1,Gibson Creek,C,14.681473214285715,5/15/2018,5/21/2018
3,GIB15,Gibson Creek,C,14.83514880952381,5/15/2018,5/21/2018
3,MRA1,Mill Race,C,15.410863095238096,5/15/2018,5/21/2018
3,MRA10,Mill Race,C,15.261443452380952,5/15/2018,5/21/2018
3,SHE1,Shelton Ditch,C,15.13345238095238,5/15/2018,5/21/2018
3,SHE10,Shelton Ditch,C,15.070477843883928,5/15/2018,5/21/2018
3,WAL3,Waln Creek,C,13.49313988095238,5/15/2018,5/21/2018
4,CGT1,Claggett Creek,C,20.588809523809523,5/22/2018,5/28/2018
4,CGT5,Claggett Creek,C,16.450491071428573,5/22/2018,5/28/2018
4,CRO1,Croisan Creek,C,14.584553571428572,5/22/2018,5/28/2018
4,CRO10,Croisan Creek,C,13.626666666666667,5/22/2018,5/28/2018
4,GIB1,Gibson Creek,C,15.581458333333334,5/22/2018,5/28/2018
4,GIB15,Gibson Creek,C,16.06077380952381,5/22/2018,5/28/2018
4,MRA1,Mill Race,C,16.993928571428572,5/22/2018,5/28/2018
4,MRA10,Mill Race,C,16.885267857142857,5/22/2018,5/28/2018
4,SHE1,Shelton Ditch,C,16.581934523809522,5/22/2018,5/28/2018
4,SHE10,Shelton Ditch,C,16.67066798955357,5/22/2018,5/28/2018
4,WAL3,Waln Creek,C,14.574613095238096,5/22/2018,5/28/2018
5,CGT1,Claggett Creek,C,19.58220238095238,5/29/2018,6/4/2018
5,CGT5,Claggett Creek,C,14.997723214285717,5/29/2018,6/4/2018
5,CRO1,Croisan Creek,C,13.673571428571428,5/29/2018,6/4/2018
5,CRO10,Croisan Creek,C,12.964791666666667,5/29/2018,6/4/2018
5,GIB1,Gibson Creek,C,14.537544642857142,5/29/2018,6/4/2018
5,GIB15,Gibson Creek,C,15.054032738095238,5/29/2018,6/4/2018
5,MRA1,Mill Race,C,15.791681547619048,5/29/2018,6/4/2018
5,MRA10,Mill Race,C,15.69705357142857,5/29/2018,6/4/2018
5,SHE1,Shelton Ditch,C,15.497544642857143,5/29/2018,6/4/2018
5,SHE10,Shelton Ditch,C,15.473420966488096,5/29/2018,6/4/2018
5,WAL3,Waln Creek,C,13.685907738095239,5/29/2018,6/4/2018
6,CGT1,Claggett Creek,C,19.26967261904762,6/10/2018,6/9/2018
6,CGT5,Claggett Creek,C,15.531934523809523,6/10/2018,6/9/2018
6,CRO1,Croisan Creek,C,13.895833333333334,6/10/2018,6/9/2018
6,CRO10,Croisan Creek,C,13.143571428571429,6/10/2018,6/9/2018
6,GIB1,Gibson Creek,C,14.818556547619048,6/10/2018,6/9/2018
6,GIB15,Gibson Creek,C,15.197276785714285,6/10/2018,6/9/2018
6,MRA1,Mill Race,C,15.967306547619048,6/10/2018,6/9/2018
6,MRA10,Mill Race,C,15.723869047619047,6/10/2018,6/9/2018
6,SHE1,Shelton Ditch,C,15.576398809523809,6/10/2018,6/9/2018
6,SHE10,Shelton Ditch,C,15.520320766651786,6/10/2018,6/9/2018
6,WAL3,Waln Creek,C,14.120282738095238,6/10/2018,6/9/2018
7,CGT1,Claggett Creek,C,19.832991071428573,6/12/2018,6/18/2018
7,CGT5,Claggett Creek,C,16.50627976190476,6/12/2018,6/18/2018
7,CRO1,Croisan Creek,C,14.824375,6/12/2018,6/18/2018
7,CRO10,Croisan Creek,C,13.816473214285715,6/12/2018,6/18/2018
7,GIB1,Gibson Creek,C,15.358110119047618,6/12/2018,6/18/2018
7,GIB15,Gibson Creek,C,15.994434523809524,6/12/2018,6/18/2018
7,MRA1,Mill Race,C,16.905773809523808,6/12/2018,6/18/2018
7,MRA10,Mill Race,C,16.67325892857143,6/12/2018,6/18/2018
7,SHE1,Shelton Ditch,C,16.4978125,6/12/2018,6/18/2018
7,SHE10,Shelton Ditch,C,16.49398148123512,6/12/2018,6/18/2018
7,WAL3,Waln Creek,C,14.615372023809524,6/12/2018,6/18/2018
8,CGT1,Claggett Creek,C,22.399002976190477,6/19/2018,6/25/2018
8,CGT5,Claggett Creek,C,18.147470238095238,6/19/2018,6/25/2018
8,CRO1,Croisan Creek,C,17.44029761904762,6/19/2018,6/25/2018
8,CRO10,Croisan Creek,C,16.10453869047619,6/19/2018,6/25/2018
8,GIB1,Gibson Creek,C,17.40683035714286,6/19/2018,6/25/2018
8,GIB15,Gibson Creek,C,18.083392857142858,6/19/2018,6/25/2018
8,MRA1,Mill Race,C,19.61818452380952,6/19/2018,6/25/2018
8,MRA10,Mill Race,C,19.258363095238096,6/19/2018,6/25/2018
8,SHE1,Shelton Ditch,C,18.796041666666667,6/19/2018,6/25/2018
8,SHE10,Shelton Ditch,C,18.901628637410713,6/19/2018,6/25/2018
8,WAL3,Waln Creek,C,16.55653273809524,6/19/2018,6/25/2018
9,CGT1,Claggett Creek,C,21.934955357142858,6/26/2018,7/2/2018
9,CGT5,Claggett Creek,C,16.91184523809524,6/26/2018,7/2/2018
9,CRO1,Croisan Creek,C,16.6771875,6/26/2018,7/2/2018
9,CRO10,Croisan Creek,C,15.995446428571428,6/26/2018,7/2/2018
9,GIB1,Gibson Creek,C,16.420416666666668,6/26/2018,7/2/2018
9,GIB15,Gibson Creek,C,16.88751488095238,6/26/2018,7/2/2018
9,MRA1,Mill Race,C,19.047886904761906,6/26/2018,7/2/2018
9,MRA10,Mill Race,C,18.95061011904762,6/26/2018,7/2/2018
9,SHE1,Shelton Ditch,C,18.630892857142857,6/26/2018,7/2/2018
9,SHE10,Shelton Ditch,C,18.760697751339286,6/26/2018,7/2/2018
9,WAL3,Waln Creek,C,16.03172619047619,6/26/2018,7/2/2018
10,CGT1,Claggett Creek,C,21.51611607142857,7/3/2018,7/9/2018
10,CGT5,Claggett Creek,C,17.03169642857143,7/3/2018,7/9/2018
10,CRO1,Croisan Creek,C,16.845431547619047,7/3/2018,7/9/2018
10,CRO10,Croisan Creek,C,15.818497023809524,7/3/2018,7/9/2018
10,GIB1,Gibson Creek,C,16.48239583333333,7/3/2018,7/9/2018
10,GIB15,Gibson Creek,C,17.001830357142858,7/3/2018,7/9/2018
10,MRA1,Mill Race,C,19.174940476190475,7/3/2018,7/9/2018
10,MRA10,Mill Race,C,18.975357142857142,7/3/2018,7/9/2018
10,SHE1,Shelton Ditch,C,18.71590773809524,7/3/2018,7/9/2018
10,SHE10,Shelton Ditch,C,18.77744708919643,7/3/2018,7/9/2018
10,WAL3,Waln Creek,C,16.38065476190476,7/3/2018,7/9/2018
11,CGT1,Claggett Creek,C,22.79017857142857,7/10/2018,7/16/2018
11,CGT5,Claggett Creek,C,18.92111607142857,7/10/2018,7/16/2018
11,CRO1,Croisan Creek,C,19.485000000000003,7/10/2018,7/16/2018
11,CRO10,Croisan Creek,C,17.515520833333333,7/10/2018,7/16/2018
11,GIB1,Gibson Creek,C,18.258467261904762,7/10/2018,7/16/2018
11,GIB15,Gibson Creek,C,18.656458333333333,7/10/2018,7/16/2018
11,MRA1,Mill Race,C,21.559732142857143,7/10/2018,7/16/2018
11,MRA10,Mill Race,C,21.425148809523808,7/10/2018,7/16/2018
11,SHE1,Shelton Ditch,C,20.876175595238095,7/10/2018,7/16/2018
11,SHE10,Shelton Ditch,C,21.021354166964286,7/10/2018,7/16/2018
11,WAL3,Waln Creek,C,18.505223214285714,7/10/2018,7/16/2018
12,CGT1,Claggett Creek,C,22.857083333333335,7/17/2018,7/23/2018
12,CGT5,Claggett Creek,C,18.152738095238096,7/17/2018,7/23/2018
12,CRO1,Croisan Creek,C,18.799642857142857,7/17/2018,7/23/2018
12,CRO10,Croisan Creek,C,17.32894345238095,7/17/2018,7/23/2018
12,GIB1,Gibson Creek,C,17.581994047619048,7/17/2018,7/23/2018
12,GIB15,Gibson Creek,C,17.65465773809524,7/17/2018,7/23/2018
12,MRA1,Mill Race,C,20.944880952380952,7/17/2018,7/23/2018
12,MRA10,Mill Race,C,20.825550595238095,7/17/2018,7/23/2018
12,SHE1,Shelton Ditch,C,20.33598214285714,7/17/2018,7/23/2018
12,SHE10,Shelton Ditch,C,20.53646660001488,7/17/2018,7/23/2018
12,WAL3,Waln Creek,C,18.19154761904762,7/17/2018,7/23/2018
13,CGT1,Claggett Creek,C,24.123363095238094,7/24/2018,7/30/2018
13,CGT5,Claggett Creek,C,19.442261904761903,7/24/2018,7/30/2018
13,CRO1,Croisan Creek,C,20.366979166666667,7/24/2018,7/30/2018
13,CRO10,Croisan Creek,C,18.546800595238096,7/24/2018,7/30/2018
13,GIB1,Gibson Creek,C,18.703392857142855,7/24/2018,7/30/2018
13,GIB15,Gibson Creek,C,18.81092261904762,7/24/2018,7/30/2018
13,MRA1,Mill Race,C,22.51717261904762,7/24/2018,7/30/2018
13,MRA10,Mill Race,C,22.458526785714284,7/24/2018,7/30/2018
13,SHE1,Shelton Ditch,C,21.921755952380952,7/24/2018,7/30/2018
13,SHE10,Shelton Ditch,C,22.170825066205357,7/24/2018,7/30/2018
13,WAL3,Waln Creek,C,19.648675595238096,7/24/2018,7/30/2018
14,CGT1,Claggett Creek,C,23.416160714285713,7/31/2018,8/6/2018
14,CGT5,Claggett Creek,C,18.61641369047619,7/31/2018,8/6/2018
14,CRO1,Croisan Creek,C,19.303333333333335,7/31/2018,8/6/2018
14,CRO10,Croisan Creek,C,17.89110119047619,7/31/2018,8/6/2018
14,GIB1,Gibson Creek,C,17.78016369047619,7/31/2018,8/6/2018
14,GIB15,Gibson Creek,C,17.777872023809522,7/31/2018,8/6/2018
14,MRA1,Mill Race,C,20.95797619047619,7/31/2018,8/6/2018
14,MRA10,Mill Race,C,20.910625,7/31/2018,8/6/2018
14,SHE1,Shelton Ditch,C,20.559092261904762,7/31/2018,8/6/2018
14,SHE10,Shelton Ditch,C,20.70027281721726,7/31/2018,8/6/2018
14,WAL3,Waln Creek,C,18.573511904761904,7/31/2018,8/6/2018
15,CGT1,Claggett Creek,C,23.441934523809522,8/10/2018,8/9/2018
15,CGT5,Claggett Creek,C,19.38141369047619,8/10/2018,8/9/2018
15,CRO1,Croisan Creek,C,19.994955357142857,8/10/2018,8/9/2018
15,CRO10,Croisan Creek,C,18.61345238095238,8/10/2018,8/9/2018
15,GIB1,Gibson Creek,C,18.3915625,8/10/2018,8/9/2018
15,GIB15,Gibson Creek,C,18.34717261904762,8/10/2018,8/9/2018
15,MRA1,Mill Race,C,21.520610119047618,8/10/2018,8/9/2018
15,MRA10,Mill Race,C,21.435863095238094,8/10/2018,8/9/2018
15,SHE1,Shelton Ditch,C,21.064598214285713,8/10/2018,8/9/2018
15,SHE10,Shelton Ditch,C,21.19353505206845,8/10/2018,8/9/2018
15,WAL3,Waln Creek,C,19.455372023809524,8/10/2018,8/9/2018
16,CGT1,Claggett Creek,C,22.41857142857143,8/14/2018,8/20/2018
16,CGT5,Claggett Creek,C,18.66050595238095,8/14/2018,8/20/2018
16,CRO1,Croisan Creek,C,19.006517857142857,8/14/2018,8/20/2018
16,CRO10,Croisan Creek,C,18.025416666666665,8/14/2018,8/20/2018
16,GIB1,Gibson Creek,C,17.396294642857143,8/14/2018,8/20/2018
16,GIB15,Gibson Creek,C,17.106860119047617,8/14/2018,8/20/2018
16,MRA1,Mill Race,C,20.143511904761905,8/14/2018,8/20/2018
16,MRA10,Mill Race,C,20.03921130952381,8/14/2018,8/20/2018
16,SHE1,Shelton Ditch,C,19.780252976190475,8/14/2018,8/20/2018
16,SHE10,Shelton Ditch,C,19.806712963214288,8/14/2018,8/20/2018
16,WAL3,Waln Creek,C,18.475699404761905,8/14/2018,8/20/2018
17,CGT1,Claggett Creek,C,21.535074404761904,8/21/2018,8/27/2018
17,CGT5,Claggett Creek,C,17.58766369047619,8/21/2018,8/27/2018
17,CRO1,Croisan Creek,C,17.53559523809524,8/21/2018,8/27/2018
17,CRO10,Croisan Creek,C,16.904910714285716,8/21/2018,8/27/2018
17,GIB1,Gibson Creek,C,16.47127976190476,8/21/2018,8/27/2018
17,GIB15,Gibson Creek,C,16.241294642857145,8/21/2018,8/27/2018
17,MRA1,Mill Race,C,18.329419642857143,8/21/2018,8/27/2018
17,MRA10,Mill Race,C,18.25903273809524,8/21/2018,8/27/2018
17,SHE1,Shelton Ditch,C,18.180848214285714,8/21/2018,8/27/2018
17,SHE10,Shelton Ditch,C,18.08927744675595,8/21/2018,8/27/2018
17,WAL3,Waln Creek,C,17.242976190476192,8/21/2018,8/27/2018
18,CGT1,Claggett Creek,C,20.419925595238094,8/28/2018,9/3/2018
18,CGT5,Claggett Creek,C,17.116592261904763,8/28/2018,9/3/2018
18,CRO1,Croisan Creek,C,17.135238095238094,8/28/2018,9/3/2018
18,CRO10,Croisan Creek,C,16.474747023809524,8/28/2018,9/3/2018
18,GIB1,Gibson Creek,C,15.97827380952381,8/28/2018,9/3/2018
18,GIB15,Gibson Creek,C,15.471145833333333,8/28/2018,9/3/2018
18,MRA1,Mill Race,C,17.963050595238094,8/28/2018,9/3/2018
18,MRA10,Mill Race,C,17.830505952380953,8/28/2018,9/3/2018
18,SHE1,Shelton Ditch,C,17.74671130952381,8/28/2018,9/3/2018
18,SHE10,Shelton Ditch,C,17.626984126800597,8/28/2018,9/3/2018
18,WAL3,Waln Creek,C,17.035208333333333,8/28/2018,9/3/2018
19,CGT1,Claggett Creek,C,20.735386904761906,9/10/2018,9/9/2018
19,CGT5,Claggett Creek,C,16.850416666666668,9/10/2018,9/9/2018
19,CRO1,Croisan Creek,C,16.69766369047619,9/10/2018,9/9/2018
19,CRO10,Croisan Creek,C,15.882872023809524,9/10/2018,9/9/2018
19,GIB1,Gibson Creek,C,15.491502976190477,9/10/2018,9/9/2018
19,GIB15,Gibson Creek,C,14.969315476190475,9/10/2018,9/9/2018
19,MRA1,Mill Race,C,16.942931547619047,9/10/2018,9/9/2018
19,MRA10,Mill Race,C,16.717113095238094,9/10/2018,9/9/2018
19,SHE1,Shelton Ditch,C,16.723556547619047,9/10/2018,9/9/2018
19,SHE10,Shelton Ditch,C,16.46196263046131,9/10/2018,9/9/2018
19,WAL3,Waln Creek,C,16.780029761904764,9/10/2018,9/9/2018
20,CGT1,Claggett Creek,C,18.380580357142858,9/11/2018,9/17/2018
20,CGT5,Claggett Creek,C,15.82016369047619,9/11/2018,9/17/2018
20,CRO1,Croisan Creek,C,14.682098214285714,9/11/2018,9/17/2018
20,CRO10,Croisan Creek,C,14.867068452380952,9/11/2018,9/17/2018
20,GIB1,Gibson Creek,C,14.769017857142858,9/11/2018,9/17/2018
20,GIB15,Gibson Creek,C,14.118839285714285,9/11/2018,9/17/2018
20,MRA1,Mill Race,C,14.552872023809524,9/11/2018,9/17/2018
20,MRA10,Mill Race,C,14.413764880952382,9/11/2018,9/17/2018
20,SHE1,Shelton Ditch,C,14.727455357142857,9/11/2018,9/17/2018
20,SHE10,Shelton Ditch,C,14.206134260401786,9/11/2018,9/17/2018
20,WAL3,Waln Creek,C,15.259598214285715,9/11/2018,9/17/2018
21,CGT1,Claggett Creek,C,17.977425595238095,9/18/2018,9/24/2018
21,CGT5,Claggett Creek,C,14.829017857142857,9/18/2018,9/24/2018
21,CRO1,Croisan Creek,C,13.88455357142857,9/18/2018,9/24/2018
21,CRO10,Croisan Creek,C,14.059285714285714,9/18/2018,9/24/2018
21,GIB1,Gibson Creek,C,13.59171130952381,9/18/2018,9/24/2018
21,GIB15,Gibson Creek,C,13.043630952380951,9/18/2018,9/24/2018
21,MRA1,Mill Race,C,14.58842261904762,9/18/2018,9/24/2018
21,MRA10,Mill Race,C,14.436592261904762,9/18/2018,9/24/2018
21,SHE1,Shelton Ditch,C,14.79330357142857,9/18/2018,9/24/2018
21,SHE10,Shelton Ditch,C,14.320651455818453,9/18/2018,9/24/2018
21,WAL3,Waln Creek,C,14.55529761904762,9/18/2018,9/24/2018
22,CGT1,Claggett Creek,C,17.91979166666667,10/1/2018,9/30/2018
22,CGT5,Claggett Creek,C,15.254821428571429,10/1/2018,9/30/2018
22,CRO1,Croisan Creek,C,14.300267857142858,10/1/2018,9/30/2018
22,CRO10,Croisan Creek,C,14.243616071428571,10/1/2018,9/30/2018
22,GIB1,Gibson Creek,C,13.74345238095238,10/1/2018,9/30/2018
22,GIB15,Gibson Creek,C,13.228005952380952,10/1/2018,9/30/2018
22,MRA1,Mill Race,C,15.207291666666666,10/1/2018,9/30/2018
22,MRA10,Mill Race,C,15.022470238095238,10/1/2018,9/30/2018
22,SHE1,Shelton Ditch,C,15.364568452380952,10/1/2018,9/30/2018
22,SHE10,Shelton Ditch,C,14.918369709761905,10/1/2018,9/30/2018
22,WAL3,Waln Creek,C,15.219002976190476,10/1/2018,9/30/2018
23,CGT1,Claggett Creek,C,18.04267857142857,5/1/2019,5/7/2019
23,CGT5,Claggett Creek,C,14.585357680722892,5/1/2019,5/7/2019
23,CRO1,Croisan Creek,C,12.242544329573935,5/1/2019,5/7/2019
23,CRO10,Croisan Creek,C,11.866532738095238,5/1/2019,5/7/2019
23,GIB1,Gibson Creek,C,13.197148026315789,5/1/2019,5/7/2019
23,GIB15,Gibson Creek,C,13.051940006265665,5/1/2019,5/7/2019
23,MRA1,Mill Race,C,14.946567683253075,5/1/2019,5/7/2019
23,MRA10,Mill Race,C,14.81690476190476,5/1/2019,5/7/2019
23,SHE1,Shelton Ditch,C,14.648779761904763,5/1/2019,5/7/2019
23,SHE10,Shelton Ditch,C,14.623214285714285,5/1/2019,5/7/2019
23,WAL3,Waln Creek,C,12.763525689223059,5/1/2019,5/7/2019
24,CGT1,Claggett Creek,C,20.503363095238093,5/10/2019,5/9/2019
24,CGT5,Claggett Creek,C,16.181383928571428,5/10/2019,5/9/2019
24,CRO1,Croisan Creek,C,13.863660714285714,5/10/2019,5/9/2019
24,CRO10,Croisan Creek,C,13.224181547619049,5/10/2019,5/9/2019
24,GIB1,Gibson Creek,C,14.871175595238094,5/10/2019,5/9/2019
24,GIB15,Gibson Creek,C,14.798854166666667,5/10/2019,5/9/2019
24,MRA1,Mill Race,C,16.66153273809524,5/10/2019,5/9/2019
24,MRA10,Mill Race,C,16.335372023809523,5/10/2019,5/9/2019
24,SHE1,Shelton Ditch,C,16.1290625,5/10/2019,5/9/2019
24,SHE10,Shelton Ditch,C,16.029553571428572,5/10/2019,5/9/2019
24,WAL3,Waln Creek,C,13.980252976190476,5/10/2019,5/9/2019
25,CGT1,Claggett Creek,C,16.92797619047619,5/15/2019,5/21/2019
25,CGT5,Claggett Creek,C,14.599255952380952,5/15/2019,5/21/2019
25,CRO1,Croisan Creek,C,12.76982142857143,5/15/2019,5/21/2019
25,CRO10,Croisan Creek,C,12.217633928571429,5/15/2019,5/21/2019
25,GIB1,Gibson Creek,C,13.659032738095238,5/15/2019,5/21/2019
25,GIB15,Gibson Creek,C,13.624895833333332,5/15/2019,5/21/2019
25,MRA1,Mill Race,C,13.490282738095237,5/15/2019,5/21/2019
25,MRA10,Mill Race,C,13.383169642857142,5/15/2019,5/21/2019
25,SHE1,Shelton Ditch,C,13.301458333333333,5/15/2019,5/21/2019
25,SHE10,Shelton Ditch,C,13.183973214285714,5/15/2019,5/21/2019
25,WAL3,Waln Creek,C,12.850267857142857,5/15/2019,5/21/2019
26,CGT1,Claggett Creek,C,17.51592261904762,5/22/2019,5/28/2019
26,CGT5,Claggett Creek,C,15.279583333333333,5/22/2019,5/28/2019
26,CRO1,Croisan Creek,C,13.170699404761905,5/22/2019,5/28/2019
26,CRO10,Croisan Creek,C,12.528169642857142,5/22/2019,5/28/2019
26,GIB1,Gibson Creek,C,14.216056547619047,5/22/2019,5/28/2019
26,GIB15,Gibson Creek,C,14.424181547619048,5/22/2019,5/28/2019
26,MRA1,Mill Race,C,14.61296130952381,5/22/2019,5/28/2019
26,MRA10,Mill Race,C,14.343229166666665,5/22/2019,5/28/2019
26,SHE1,Shelton Ditch,C,14.23266369047619,5/22/2019,5/28/2019
26,SHE10,Shelton Ditch,C,14.126220238095238,5/22/2019,5/28/2019
26,WAL3,Waln Creek,C,13.174925595238095,5/22/2019,5/28/2019
27,CGT1,Claggett Creek,C,21.119880952380953,5/29/2019,6/4/2019
27,CGT5,Claggett Creek,C,17.238675595238092,5/29/2019,6/4/2019
27,CRO1,Croisan Creek,C,15.202068452380951,5/29/2019,6/4/2019
27,CRO10,Croisan Creek,C,14.225386904761905,5/29/2019,6/4/2019
27,GIB1,Gibson Creek,C,15.855892857142857,5/29/2019,6/4/2019
27,GIB15,Gibson Creek,C,16.537113095238094,5/29/2019,6/4/2019
27,MRA1,Mill Race,C,17.966964285714287,5/29/2019,6/4/2019
27,MRA10,Mill Race,C,17.82125,5/29/2019,6/4/2019
27,SHE1,Shelton Ditch,C,17.55357142857143,5/29/2019,6/4/2019
27,SHE10,Shelton Ditch,C,17.57922619047619,5/29/2019,6/4/2019
27,WAL3,Waln Creek,C,14.831815476190476,5/29/2019,6/4/2019
28,CGT1,Claggett Creek,C,19.85044642857143,6/10/2019,6/9/2019
28,CGT5,Claggett Creek,C,16.14346726190476,6/10/2019,6/9/2019
28,CRO1,Croisan Creek,C,14.346056547619048,6/10/2019,6/9/2019
28,CRO10,Croisan Creek,C,13.725282738095238,6/10/2019,6/9/2019
28,GIB1,Gibson Creek,C,15.216547619047619,6/10/2019,6/9/2019
28,GIB15,Gibson Creek,C,15.985833333333334,6/10/2019,6/9/2019
28,MRA1,Mill Race,C,17.056458333333335,6/10/2019,6/9/2019
28,MRA10,Mill Race,C,16.906190476190474,6/10/2019,6/9/2019
28,SHE1,Shelton Ditch,C,16.68252976190476,6/10/2019,6/9/2019
28,SHE10,Shelton Ditch,C,16.68186011904762,6/10/2019,6/9/2019
28,WAL3,Waln Creek,C,14.457767857142857,6/10/2019,6/9/2019
29,CGT1,Claggett Creek,C,23.233020833333335,6/12/2019,6/18/2019
29,CGT5,Claggett Creek,C,18.721636904761905,6/12/2019,6/18/2019
29,CRO1,Croisan Creek,C,17.494255952380954,6/12/2019,6/18/2019
29,CRO10,Croisan Creek,C,16.038630952380952,6/12/2019,6/18/2019
29,GIB1,Gibson Creek,C,17.79330357142857,6/12/2019,6/18/2019
29,GIB15,Gibson Creek,C,18.73517857142857,6/12/2019,6/18/2019
29,MRA1,Mill Race,C,20.993869047619047,6/12/2019,6/18/2019
29,MRA10,Mill Race,C,20.85238095238095,6/12/2019,6/18/2019
29,SHE1,Shelton Ditch,C,20.472232142857145,6/12/2019,6/18/2019
29,SHE10,Shelton Ditch,C,20.503869047619048,6/12/2019,6/18/2019
29,WAL3,Waln Creek,C,17.10950892857143,6/12/2019,6/18/2019
30,CGT1,Claggett Creek,C,21.244583333333335,6/19/2019,6/25/2019
30,CGT5,Claggett Creek,C,15.970565476190476,6/19/2019,6/25/2019
30,CRO1,Croisan Creek,C,15.498005952380952,6/19/2019,6/25/2019
30,CRO10,Croisan Creek,C,14.595505952380952,6/19/2019,6/25/2019
30,GIB1,Gibson Creek,C,15.688601190476192,6/19/2019,6/25/2019
30,GIB15,Gibson Creek,C,16.34389880952381,6/19/2019,6/25/2019
30,MRA1,Mill Race,C,17.921145833333334,6/19/2019,6/25/2019
30,MRA10,Mill Race,C,17.840967261904762,6/19/2019,6/25/2019
30,SHE1,Shelton Ditch,C,17.561056547619046,6/19/2019,6/25/2019
30,SHE10,Shelton Ditch,C,17.598377976190477,6/19/2019,6/25/2019
30,WAL3,Waln Creek,C,15.039389880952381,6/19/2019,6/25/2019
31,CGT1,Claggett Creek,C,20.795967261904764,6/26/2019,7/2/2019
31,CGT5,Claggett Creek,C,17.011800595238096,6/26/2019,7/2/2019
31,CRO1,Croisan Creek,C,15.659508928571428,6/26/2019,7/2/2019
31,CRO10,Croisan Creek,C,14.598839285714286,6/26/2019,7/2/2019
31,GIB1,Gibson Creek,C,15.978869047619048,6/26/2019,7/2/2019
31,GIB15,Gibson Creek,C,16.70293154761905,6/26/2019,7/2/2019
31,MRA1,Mill Race,C,18.110059523809525,6/26/2019,7/2/2019
31,MRA10,Mill Race,C,18.02221726190476,6/26/2019,7/2/2019
31,SHE1,Shelton Ditch,C,17.806354166666665,6/26/2019,7/2/2019
31,SHE10,Shelton Ditch,C,17.796517857142856,6/26/2019,7/2/2019
31,WAL3,Waln Creek,C,15.587113095238095,6/26/2019,7/2/2019
32,CGT1,Claggett Creek,C,21.56403273809524,7/3/2019,7/9/2019
32,CGT5,Claggett Creek,C,17.149479166666666,7/3/2019,7/9/2019
32,CRO1,Croisan Creek,C,16.621026785714285,7/3/2019,7/9/2019
32,CRO10,Croisan Creek,C,15.532723214285713,7/3/2019,7/9/2019
32,GIB1,Gibson Creek,C,16.675505952380952,7/3/2019,7/9/2019
32,GIB15,Gibson Creek,C,17.36372023809524,7/3/2019,7/9/2019
32,MRA1,Mill Race,C,18.77392857142857,7/3/2019,7/9/2019
32,MRA10,Mill Race,C,18.645669642857143,7/3/2019,7/9/2019
32,SHE1,Shelton Ditch,C,18.420699404761905,7/3/2019,7/9/2019
32,SHE10,Shelton Ditch,C,18.414776785714285,7/3/2019,7/9/2019
32,WAL3,Waln Creek,C,16.23169642857143,7/3/2019,7/9/2019
33,CGT1,Claggett Creek,C,22.906145833333333,7/10/2019,7/16/2019
33,CGT5,Claggett Creek,C,19.34017857142857,7/10/2019,7/16/2019
33,CRO1,Croisan Creek,C,18.211904761904762,7/10/2019,7/16/2019
33,CRO10,Croisan Creek,C,16.732380952380954,7/10/2019,7/16/2019
33,GIB1,Gibson Creek,C,17.92247023809524,7/10/2019,7/16/2019
33,GIB15,Gibson Creek,C,18.76764880952381,7/10/2019,7/16/2019
33,MRA1,Mill Race,C,20.301919642857143,7/10/2019,7/16/2019
33,MRA10,Mill Race,C,20.21455357142857,7/10/2019,7/16/2019
33,SHE1,Shelton Ditch,C,19.92639880952381,7/10/2019,7/16/2019
33,SHE10,Shelton Ditch,C,19.92077380952381,7/10/2019,7/16/2019
33,WAL3,Waln Creek,C,17.517827380952383,7/10/2019,7/16/2019
34,CGT1,Claggett Creek,C,22.763258928571428,7/17/2019,7/23/2019
34,CGT5,Claggett Creek,C,17.84316964285714,7/17/2019,7/23/2019
34,CRO1,Croisan Creek,C,17.71907738095238,7/17/2019,7/23/2019
34,CRO10,Croisan Creek,C,16.702098214285716,7/17/2019,7/23/2019
34,GIB1,Gibson Creek,C,17.347261904761904,7/17/2019,7/23/2019
34,GIB15,Gibson Creek,C,17.746101190476192,7/17/2019,7/23/2019
34,MRA1,Mill Race,C,20.128005952380953,7/17/2019,7/23/2019
34,MRA10,Mill Race,C,20.07138392857143,7/17/2019,7/23/2019
34,SHE1,Shelton Ditch,C,19.747395833333336,7/17/2019,7/23/2019
34,SHE10,Shelton Ditch,C,19.786383928571432,7/17/2019,7/23/2019
34,WAL3,Waln Creek,C,17.124791666666667,7/17/2019,7/23/2019
35,CGT1,Claggett Creek,C,23.089717261904763,7/24/2019,7/30/2019
35,CGT5,Claggett Creek,C,18.21666666666667,7/24/2019,7/30/2019
35,CRO1,Croisan Creek,C,18.51706845238095,7/24/2019,7/30/2019
35,CRO10,Croisan Creek,C,16.945595238095237,7/24/2019,7/30/2019
35,GIB1,Gibson Creek,C,17.590744047619047,7/24/2019,7/30/2019
35,GIB15,Gibson Creek,C,17.848169642857144,7/24/2019,7/30/2019
35,MRA1,Mill Race,C,20.82808035714286,7/24/2019,7/30/2019
35,MRA10,Mill Race,C,20.78282738095238,7/24/2019,7/30/2019
35,SHE1,Shelton Ditch,C,20.519330357142856,7/24/2019,7/30/2019
35,SHE10,Shelton Ditch,C,20.556755952380954,7/24/2019,7/30/2019
35,WAL3,Waln Creek,C,18.066086309523808,7/24/2019,7/30/2019
36,CGT1,Claggett Creek,C,23.790580357142858,7/31/2019,8/6/2019
36,CGT5,Claggett Creek,C,19.152455357142856,7/31/2019,8/6/2019
36,CRO1,Croisan Creek,C,19.210282738095238,7/31/2019,8/6/2019
36,CRO10,Croisan Creek,C,17.473348214285714,7/31/2019,8/6/2019
36,GIB1,Gibson Creek,C,18.11266369047619,7/31/2019,8/6/2019
36,GIB15,Gibson Creek,C,18.518229166666668,7/31/2019,8/6/2019
36,MRA1,Mill Race,C,21.24529761904762,7/31/2019,8/6/2019
36,MRA10,Mill Race,C,21.161741071428573,7/31/2019,8/6/2019
36,SHE1,Shelton Ditch,C,20.959419642857142,7/31/2019,8/6/2019
36,SHE10,Shelton Ditch,C,20.951488095238098,7/31/2019,8/6/2019
36,WAL3,Waln Creek,C,19.133229166666666,7/31/2019,8/6/2019
37,CGT1,Claggett Creek,C,22.258973214285714,8/10/2019,8/9/2019
37,CGT5,Claggett Creek,C,18.389895833333334,8/10/2019,8/9/2019
37,CRO1,Croisan Creek,C,18.098541666666666,8/10/2019,8/9/2019
37,CRO10,Croisan Creek,C,16.912544642857142,8/10/2019,8/9/2019
37,GIB1,Gibson Creek,C,17.55004464285714,8/10/2019,8/9/2019
37,GIB15,Gibson Creek,C,17.6159375,8/10/2019,8/9/2019
37,MRA1,Mill Race,C,19.17751488095238,8/10/2019,8/9/2019
37,MRA10,Mill Race,C,18.981488095238095,8/10/2019,8/9/2019
37,SHE1,Shelton Ditch,C,18.901026785714286,8/10/2019,8/9/2019
37,SHE10,Shelton Ditch,C,18.77483630952381,8/10/2019,8/9/2019
37,WAL3,Waln Creek,C,17.842782738095238,8/10/2019,8/9/2019
38,CGT1,Claggett Creek,C,22.88889880952381,8/14/2019,8/20/2019
38,CGT5,Claggett Creek,C,18.33784226190476,8/14/2019,8/20/2019
38,CRO1,Croisan Creek,C,18.48857142857143,8/14/2019,8/20/2019
38,CRO10,Croisan Creek,C,17.278988095238095,8/14/2019,8/20/2019
38,GIB1,Gibson Creek,C,17.619300595238094,8/14/2019,8/20/2019
38,GIB15,Gibson Creek,C,17.482723214285713,8/14/2019,8/20/2019
38,MRA1,Mill Race,C,19.909375,8/14/2019,8/20/2019
38,MRA10,Mill Race,C,19.797157738095237,8/14/2019,8/20/2019
38,SHE1,Shelton Ditch,C,19.665848214285713,8/14/2019,8/20/2019
38,SHE10,Shelton Ditch,C,19.607872023809524,8/14/2019,8/20/2019
38,WAL3,Waln Creek,C,18.325104166666666,8/14/2019,8/20/2019
39,CGT1,Claggett Creek,C,21.564300595238095,8/21/2019,8/27/2019
39,CGT5,Claggett Creek,C,17.853110119047617,8/21/2019,8/27/2019
39,CRO1,Croisan Creek,C,17.55779761904762,8/21/2019,8/27/2019
39,CRO10,Croisan Creek,C,16.531473214285715,8/21/2019,8/27/2019
39,GIB1,Gibson Creek,C,16.89264880952381,8/21/2019,8/27/2019
39,GIB15,Gibson Creek,C,16.471755952380953,8/21/2019,8/27/2019
39,MRA1,Mill Race,C,18.804032738095238,8/21/2019,8/27/2019
39,MRA10,Mill Race,C,18.67998511904762,8/21/2019,8/27/2019
39,SHE1,Shelton Ditch,C,18.614747023809525,8/21/2019,8/27/2019
39,SHE10,Shelton Ditch,C,18.526205357142857,8/21/2019,8/27/2019
39,WAL3,Waln Creek,C,17.698943452380952,8/21/2019,8/27/2019
40,CGT1,Claggett Creek,C,22.51561011904762,8/28/2019,9/3/2019
40,CGT5,Claggett Creek,C,18.861235119047617,8/28/2019,9/3/2019
40,CRO1,Croisan Creek,C,18.831651785714286,8/28/2019,9/3/2019
40,CRO10,Croisan Creek,C,17.33110119047619,8/28/2019,9/3/2019
40,GIB1,Gibson Creek,C,17.909717261904763,8/28/2019,9/3/2019
40,GIB15,Gibson Creek,C,17.608377976190475,8/28/2019,9/3/2019
40,MRA1,Mill Race,C,19.633154761904763,8/28/2019,9/3/2019
40,MRA10,Mill Race,C,19.36563988095238,8/28/2019,9/3/2019
40,SHE1,Shelton Ditch,C,19.333869047619046,8/28/2019,9/3/2019
40,SHE10,Shelton Ditch,C,19.129300595238096,8/28/2019,9/3/2019
40,WAL3,Waln Creek,C,18.940089285714286,8/28/2019,9/3/2019
41,CGT1,Claggett Creek,C,21.15626488095238,9/10/2019,9/9/2019
41,CGT5,Claggett Creek,C,18.534791666666667,9/10/2019,9/9/2019
41,CRO1,Croisan Creek,C,18.205372023809524,9/10/2019,9/9/2019
41,CRO10,Croisan Creek,C,16.937455357142856,9/10/2019,9/9/2019
41,GIB1,Gibson Creek,C,17.568556547619046,9/10/2019,9/9/2019
41,GIB15,Gibson Creek,C,17.23763392857143,9/10/2019,9/9/2019
41,MRA1,Mill Race,C,17.39063988095238,9/10/2019,9/9/2019
41,MRA10,Mill Race,C,17.01297619047619,9/10/2019,9/9/2019
41,SHE1,Shelton Ditch,C,17.16203869047619,9/10/2019,9/9/2019
41,SHE10,Shelton Ditch,C,16.74328869047619,9/10/2019,9/9/2019
41,WAL3,Waln Creek,C,18.078080357142856,9/10/2019,9/9/2019
42,CGT1,Claggett Creek,C,19.472455357142856,9/11/2019,9/17/2019
42,CGT5,Claggett Creek,C,17.613095238095237,9/11/2019,9/17/2019
42,CRO1,Croisan Creek,C,16.391651785714288,9/11/2019,9/17/2019
42,CRO10,Croisan Creek,C,15.635535714285714,9/11/2019,9/17/2019
42,GIB1,Gibson Creek,C,16.41421130952381,9/11/2019,9/17/2019
42,GIB15,Gibson Creek,C,16.131830357142857,9/11/2019,9/17/2019
42,MRA1,Mill Race,C,16.21934523809524,9/11/2019,9/17/2019
42,MRA10,Mill Race,C,15.94296130952381,9/11/2019,9/17/2019
42,SHE1,Shelton Ditch,C,16.01873511904762,9/11/2019,9/17/2019
42,SHE10,Shelton Ditch,C,15.744791666666666,9/11/2019,9/17/2019
42,WAL3,Waln Creek,C,16.453675595238096,9/11/2019,9/17/2019
43,CGT1,Claggett Creek,C,18.538005952380953,9/18/2019,9/24/2019
43,CGT5,Claggett Creek,C,17.262083333333333,9/18/2019,9/24/2019
43,CRO1,Croisan Creek,C,15.534151785714286,9/18/2019,9/24/2019
43,CRO10,Croisan Creek,C,15.041949404761905,9/18/2019,9/24/2019
43,GIB1,Gibson Creek,C,15.753958333333333,9/18/2019,9/24/2019
43,GIB15,Gibson Creek,C,15.639508928571429,9/18/2019,9/24/2019
43,MRA1,Mill Race,C,15.63266369047619,9/18/2019,9/24/2019
43,MRA10,Mill Race,C,15.465416666666666,9/18/2019,9/24/2019
43,SHE1,Shelton Ditch,C,15.560059523809525,9/18/2019,9/24/2019
43,SHE10,Shelton Ditch,C,15.3228125,9/18/2019,9/24/2019
43,WAL3,Waln Creek,C,16.035580357142855,9/18/2019,9/24/2019
44,CGT1,Claggett Creek,C,16.581875,10/1/2019,9/30/2019
44,CGT5,Claggett Creek,C,13.77139880952381,10/1/2019,9/30/2019
44,CRO1,Croisan Creek,C,12.646964285714285,10/1/2019,9/30/2019
44,CRO10,Croisan Creek,C,13.011681547619046,10/1/2019,9/30/2019
44,GIB1,Gibson Creek,C,13.140818452380953,10/1/2019,9/30/2019
44,GIB15,Gibson Creek,C,12.57577380952381,10/1/2019,9/30/2019
44,MRA1,Mill Race,C,13.530446428571429,10/1/2019,9/30/2019
44,MRA10,Mill Race,C,13.378184523809525,10/1/2019,9/30/2019
44,SHE1,Shelton Ditch,C,13.415000000000001,10/1/2019,9/30/2019
44,SHE10,Shelton Ditch,C,13.27123511904762,10/1/2019,9/30/2019
44,WAL3,Waln Creek,C,13.651681547619047,10/1/2019,9/30/2019
45,CGT1,Claggett Creek,C,14.850252976190477,10/2/2019,10/8/2019
45,CGT5,Claggett Creek,C,12.621696428571429,10/2/2019,10/8/2019
45,CRO1,Croisan Creek,C,11.270119047619048,10/2/2019,10/8/2019
45,CRO10,Croisan Creek,C,10.996741071428572,10/2/2019,10/8/2019
45,GIB1,Gibson Creek,C,11.703005952380954,10/2/2019,10/8/2019
45,GIB15,Gibson Creek,C,10.811011904761905,10/2/2019,10/8/2019
45,MRA1,Mill Race,C,12.230818452380952,10/2/2019,10/8/2019
45,MRA10,Mill Race,C,12.158526785714285,10/2/2019,10/8/2019
45,SHE1,Shelton Ditch,C,12.317901785714286,10/2/2019,10/8/2019
45,SHE10,Shelton Ditch,C,12.142514880952382,10/2/2019,10/8/2019
45,WAL3,Waln Creek,C,12.794151785714286,10/2/2019,10/8/2019
46,CGT1,Claggett Creek,C,13.229574017615176,10/10/2019,10/9/2019
46,CGT5,Claggett Creek,C,12.585786525974026,10/10/2019,5/3/2021
46,CRO1,Croisan Creek,C,11.351943371943372,10/10/2019,5/3/2021
46,CRO10,Croisan Creek,C,11.802953265765765,10/10/2019,5/3/2021
46,GIB1,Gibson Creek,C,12.0555277014652,10/10/2019,5/3/2021
46,GIB15,Gibson Creek,C,10.254750457875458,10/10/2019,5/4/2022
46,MRA1,Mill Race,C,11.91381994047619,10/10/2019,5/4/2022
46,MRA10,Mill Race,C,13.38192850810537,10/10/2019,5/3/2021
46,SHE1,Shelton Ditch,C,13.263526785714285,10/10/2019,5/3/2021
46,SHE10,Shelton Ditch,C,13.151872294372295,10/10/2019,5/3/2021
46,WAL3,Waln Creek,C,11.995533588435373,10/10/2019,5/3/2021
47,CGT5,Claggett Creek,C,14.14372023809524,5/10/2021,5/9/2021
47,CRO1,Croisan Creek,C,12.7834375,5/10/2021,5/9/2021
47,CRO10,Croisan Creek,C,13.10404761904762,5/10/2021,5/9/2021
47,GIB1,Gibson Creek,C,13.389925595238095,5/10/2021,5/9/2021
47,GIB15,Gibson Creek,C,11.032220238095238,5/10/2022,5/9/2022
47,MRA1,Mill Race,C,12.046163690476192,5/10/2022,5/9/2022
47,MRA10,Mill Race,C,15.378675595238095,5/10/2021,5/9/2021
47,SHE1,Shelton Ditch,C,15.156875,5/10/2021,5/9/2021
47,SHE10,Shelton Ditch,C,15.12233630952381,5/10/2021,5/9/2021
47,WAL3,Waln Creek,C,12.841845238095239,5/10/2021,5/9/2021
48,CGT5,Claggett Creek,C,15.742514880952381,5/11/2021,5/17/2021
48,CRO1,Croisan Creek,C,14.784583333333334,5/11/2021,5/17/2021
48,CRO10,Croisan Creek,C,15.26171130952381,5/11/2021,5/17/2021
48,GIB1,Gibson Creek,C,15.129300595238096,5/11/2021,5/17/2021
48,GIB15,Gibson Creek,C,11.847433035714285,5/12/2022,5/18/2022
48,MRA1,Mill Race,C,12.940412202380951,5/12/2022,5/18/2022
48,MRA10,Mill Race,C,18.471041666666668,5/11/2021,5/17/2021
48,SHE1,Shelton Ditch,C,18.04311011904762,5/11/2021,5/17/2021
48,SHE10,Shelton Ditch,C,18.09831845238095,5/11/2021,5/17/2021
48,WAL3,Waln Creek,C,14.846502976190477,5/11/2021,5/17/2021
49,CGT5,Claggett Creek,C,13.258363095238094,5/18/2021,5/24/2021
49,CRO1,Croisan Creek,C,12.443988095238096,5/18/2021,5/24/2021
49,CRO10,Croisan Creek,C,12.98921130952381,5/18/2021,5/24/2021
49,GIB1,Gibson Creek,C,13.07659226190476,5/18/2021,5/24/2021
49,GIB15,Gibson Creek,C,12.96051636904762,5/19/2022,5/25/2022
49,MRA1,Mill Race,C,15.039723214285715,5/19/2022,5/25/2022
49,MRA10,Mill Race,C,14.755625,5/18/2021,5/24/2021
49,SHE1,Shelton Ditch,C,14.513125,5/18/2021,5/24/2021
49,SHE10,Shelton Ditch,C,14.444910714285713,5/18/2021,5/24/2021
49,WAL3,Waln Creek,C,12.845625,5/18/2021,5/24/2021
50,CGT5,Claggett Creek,C,15.373794642857144,5/25/2021,5/31/2021
50,CRO1,Croisan Creek,C,14.464657738095237,5/25/2021,5/31/2021
50,CRO10,Croisan Creek,C,14.546264880952382,5/25/2021,5/31/2021
50,GIB1,Gibson Creek,C,14.850491071428571,5/25/2021,5/31/2021
50,GIB15,Gibson Creek,C,13.721044642857143,5/26/2022,6/1/2022
50,MRA1,Mill Race,C,15.789967261904762,5/26/2022,6/1/2022
50,MRA10,Mill Race,C,17.08141369047619,5/25/2021,5/31/2021
50,SHE1,Shelton Ditch,C,16.862440476190475,5/25/2021,5/31/2021
50,SHE10,Shelton Ditch,C,16.857395833333335,5/25/2021,5/31/2021
50,WAL3,Waln Creek,C,14.592410714285714,5/25/2021,5/31/2021
51,CGT5,Claggett Creek,C,16.278229166666666,6/1/2021,6/7/2021
51,CRO1,Croisan Creek,C,16.267991071428572,6/1/2021,6/7/2021
51,CRO10,Croisan Creek,C,16.38157738095238,6/1/2021,6/7/2021
51,GIB1,Gibson Creek,C,16.46035714285714,6/1/2021,6/7/2021
51,GIB15,Gibson Creek,C,14.562767857142857,6/2/2022,6/8/2022
51,MRA1,Mill Race,C,16.488453869047618,6/2/2022,6/8/2022
51,MRA10,Mill Race,C,20.177589285714284,6/1/2021,6/7/2021
51,SHE1,Shelton Ditch,C,19.66279761904762,6/1/2021,6/7/2021
51,SHE10,Shelton Ditch,C,19.706875,6/1/2021,6/7/2021
51,WAL3,Waln Creek,C,16.23767857142857,6/1/2021,6/7/2021
52,CGT5,Claggett Creek,C,15.659270833333332,6/10/2021,6/9/2021
52,CRO1,Croisan Creek,C,14.371205357142857,6/10/2021,6/9/2021
52,CRO10,Croisan Creek,C,14.528333333333332,6/10/2021,6/9/2021
52,GIB1,Gibson Creek,C,14.795208333333333,6/10/2021,6/9/2021
52,GIB15,Gibson Creek,C,13.705936011904761,6/10/2022,6/9/2022
52,MRA1,Mill Race,C,15.065962797619047,6/10/2022,6/9/2022
52,MRA10,Mill Race,C,16.61363095238095,6/10/2021,6/9/2021
52,SHE1,Shelton Ditch,C,16.44419642857143,6/10/2021,6/9/2021
52,SHE10,Shelton Ditch,C,16.36875,6/10/2021,6/9/2021
52,WAL3,Waln Creek,C,14.75955357142857,6/10/2021,6/9/2021
53,CGT5,Claggett Creek,C,18.63751488095238,6/15/2021,6/21/2021
53,CRO1,Croisan Creek,C,16.443526785714287,6/15/2021,6/21/2021
53,CRO10,Croisan Creek,C,16.05266369047619,6/15/2021,6/21/2021
53,GIB1,Gibson Creek,C,16.670848214285712,6/15/2021,6/21/2021
53,GIB15,Gibson Creek,C,14.62567857142857,6/16/2022,6/22/2022
53,MRA1,Mill Race,C,16.08939583333333,6/16/2022,6/22/2022
53,MRA10,Mill Race,C,19.859925595238096,6/15/2021,6/21/2021
53,SHE1,Shelton Ditch,C,19.59546130952381,6/15/2021,6/21/2021
53,SHE10,Shelton Ditch,C,19.589613095238096,6/15/2021,6/21/2021
53,WAL3,Waln Creek,C,15.971279761904762,6/15/2021,6/21/2021
54,CGT5,Claggett Creek,C,20.718020833333334,6/22/2021,6/28/2021
54,CRO1,Croisan Creek,C,19.815997023809523,6/22/2021,6/28/2021
54,CRO10,Croisan Creek,C,19.053258928571427,6/22/2021,6/28/2021
54,GIB1,Gibson Creek,C,19.541636904761905,6/22/2021,6/28/2021
54,GIB15,Gibson Creek,C,17.41575595238095,6/23/2022,6/29/2022
54,MRA1,Mill Race,C,19.97192113095238,6/23/2022,6/29/2022
54,MRA10,Mill Race,C,24.34311011904762,6/22/2021,6/28/2021
54,SHE1,Shelton Ditch,C,23.78876488095238,6/22/2021,6/28/2021
54,SHE10,Shelton Ditch,C,23.80297619047619,6/22/2021,6/28/2021
54,WAL3,Waln Creek,C,18.836636904761903,6/22/2021,6/28/2021
55,CGT5,Claggett Creek,C,19.74059523809524,6/29/2021,7/5/2021
55,CRO1,Croisan Creek,C,19.341130952380954,6/29/2021,7/5/2021
55,CRO10,Croisan Creek,C,18.687440476190474,6/29/2021,7/5/2021
55,GIB1,Gibson Creek,C,19.17452380952381,6/29/2021,7/5/2021
55,GIB15,Gibson Creek,C,17.154129464285713,6/30/2022,7/6/2022
55,MRA1,Mill Race,C,19.50343601190476,6/30/2022,7/6/2022
55,MRA10,Mill Race,C,22.840744047619047,6/29/2021,7/5/2021
55,SHE1,Shelton Ditch,C,22.33700892857143,6/29/2021,7/5/2021
55,SHE10,Shelton Ditch,C,22.313809523809525,6/29/2021,7/5/2021
55,WAL3,Waln Creek,C,18.83418154761905,6/29/2021,7/5/2021
56,CGT5,Claggett Creek,C,18.031681547619048,7/10/2021,7/9/2021
56,CRO1,Croisan Creek,C,18.565952380952382,7/10/2021,7/9/2021
56,CRO10,Croisan Creek,C,17.753720238095237,7/10/2021,7/9/2021
56,GIB1,Gibson Creek,C,18.080446428571427,7/10/2021,7/9/2021
56,GIB15,Gibson Creek,C,18.78138392857143,7/10/2022,7/9/2022
56,MRA1,Mill Race,C,21.189636904761905,7/10/2022,7/9/2022
56,MRA10,Mill Race,C,22.051145833333333,7/10/2021,7/9/2021
56,SHE1,Shelton Ditch,C,21.54266369047619,7/10/2021,7/9/2021
56,SHE10,Shelton Ditch,C,21.537589285714287,7/10/2021,7/9/2021
56,WAL3,Waln Creek,C,18.512306547619048,7/10/2021,7/9/2021
57,CGT5,Claggett Creek,C,17.161919642857143,7/13/2021,7/19/2021
57,CRO1,Croisan Creek,C,18.391041666666666,7/13/2021,7/19/2021
57,CRO10,Croisan Creek,C,17.546264880952382,7/13/2021,7/19/2021
57,GIB1,Gibson Creek,C,17.605669642857144,7/13/2021,7/19/2021
57,GIB15,Gibson Creek,C,18.516750000000002,7/14/2022,7/20/2022
57,MRA1,Mill Race,C,20.626645833333335,7/14/2022,7/20/2022
57,MRA10,Mill Race,C,21.402708333333333,7/13/2021,7/19/2021
57,SHE1,Shelton Ditch,C,20.84497023809524,7/13/2021,7/19/2021
57,SHE10,Shelton Ditch,C,20.787395833333335,7/13/2021,7/19/2021
57,WAL3,Waln Creek,C,18.48235119047619,7/13/2021,7/19/2021
58,CGT5,Claggett Creek,C,17.10595238095238,7/20/2021,7/26/2021
58,CRO1,Croisan Creek,C,18.39938988095238,7/20/2021,7/26/2021
58,CRO10,Croisan Creek,C,17.37825892857143,7/20/2021,7/26/2021
58,GIB1,Gibson Creek,C,17.604970238095238,7/20/2021,7/26/2021
58,GIB15,Gibson Creek,C,19.493427083333334,7/21/2022,7/27/2022
58,MRA1,Mill Race,C,21.975535714285712,7/21/2022,7/27/2022
58,MRA10,Mill Race,C,21.008065476190477,7/20/2021,7/26/2021
58,SHE1,Shelton Ditch,C,20.550535714285715,7/20/2021,7/26/2021
58,SHE10,Shelton Ditch,C,20.463229166666668,7/20/2021,7/26/2021
58,WAL3,Waln Creek,C,18.570357142857144,7/20/2021,7/26/2021
59,CGT5,Claggett Creek,C,18.80703869047619,7/27/2021,8/2/2021
59,CRO1,Croisan Creek,C,20.180401785714285,7/27/2021,8/2/2021
59,CRO10,Croisan Creek,C,18.886934523809522,7/27/2021,8/2/2021
59,GIB1,Gibson Creek,C,18.992589285714285,7/27/2021,8/2/2021
59,GIB15,Gibson Creek,C,21.196418154761904,7/28/2022,8/3/2022
59,MRA1,Mill Race,C,23.76387797619048,7/28/2022,8/3/2022
59,MRA10,Mill Race,C,21.95683035714286,7/27/2021,8/2/2021
59,SHE1,Shelton Ditch,C,21.46,7/27/2021,8/2/2021
59,SHE10,Shelton Ditch,C,21.254241071428574,7/27/2021,8/2/2021
59,WAL3,Waln Creek,C,20.567559523809525,7/27/2021,8/2/2021
60,CGT5,Claggett Creek,C,18.724270833333332,8/3/2021,8/9/2021
60,CRO1,Croisan Creek,C,19.501934523809524,8/3/2021,8/9/2021
60,CRO10,Croisan Creek,C,18.340044642857144,8/3/2021,8/9/2021
60,GIB1,Gibson Creek,C,18.655193452380953,8/3/2021,8/9/2021
60,GIB15,Gibson Creek,C,18.686916666666665,8/10/2022,8/9/2022
60,MRA1,Mill Race,C,21.149730654761903,8/10/2022,8/9/2022
60,MRA10,Mill Race,C,21.32816964285714,8/3/2021,8/9/2021
60,SHE1,Shelton Ditch,C,20.901354166666664,8/3/2021,8/9/2021
60,SHE10,Shelton Ditch,C,20.76169642857143,8/3/2021,8/9/2021
60,WAL3,Waln Creek,C,19.926428571428573,8/3/2021,8/9/2021
61,CGT5,Claggett Creek,C,19.249880952380952,8/10/2021,8/16/2021
61,CRO1,Croisan Creek,C,20.84095238095238,8/10/2021,8/16/2021
61,CRO10,Croisan Creek,C,19.20608630952381,8/10/2021,8/16/2021
61,GIB1,Gibson Creek,C,19.652842261904762,8/10/2021,8/16/2021
61,GIB15,Gibson Creek,C,18.273041666666668,8/11/2022,8/17/2022
61,MRA1,Mill Race,C,20.758941964285714,8/11/2022,8/17/2022
61,MRA10,Mill Race,C,22.358660714285715,8/10/2021,8/16/2021
61,SHE1,Shelton Ditch,C,21.866071428571427,8/10/2021,8/16/2021
61,SHE10,Shelton Ditch,C,21.672127976190474,8/10/2021,8/16/2021
61,WAL3,Waln Creek,C,21.310863095238094,8/10/2021,8/16/2021
62,CGT5,Claggett Creek,C,16.877499999999998,8/17/2021,8/23/2021
62,CRO1,Croisan Creek,C,17.287514880952383,8/17/2021,8/23/2021
62,CRO10,Croisan Creek,C,16.619479166666668,8/17/2021,8/23/2021
62,GIB1,Gibson Creek,C,16.82894345238095,8/17/2021,8/23/2021
62,GIB15,Gibson Creek,C,19.412096726190477,8/18/2022,8/24/2022
62,MRA1,Mill Race,C,21.306874999999998,8/18/2022,8/24/2022
62,MRA10,Mill Race,C,18.085461309523808,8/17/2021,8/23/2021
62,SHE1,Shelton Ditch,C,17.789598214285714,8/17/2021,8/23/2021
62,SHE10,Shelton Ditch,C,17.607261904761906,8/17/2021,8/23/2021
62,WAL3,Waln Creek,C,17.47529761904762,8/17/2021,8/23/2021
63,CGT5,Claggett Creek,C,16.321800595238095,8/24/2021,8/30/2021
63,CRO1,Croisan Creek,C,16.539002976190478,8/24/2021,8/30/2021
63,CRO10,Croisan Creek,C,16.11565476190476,8/24/2021,8/30/2021
63,GIB1,Gibson Creek,C,16.16197916666667,8/24/2021,8/30/2021
63,GIB15,Gibson Creek,C,18.33179761904762,8/25/2022,8/31/2022
63,MRA1,Mill Race,C,20.641049107142855,8/25/2022,8/31/2022
63,MRA10,Mill Race,C,17.99223214285714,8/24/2021,8/30/2021
63,SHE1,Shelton Ditch,C,17.739047619047618,8/24/2021,8/30/2021
63,SHE10,Shelton Ditch,C,17.615520833333335,8/24/2021,8/30/2021
63,WAL3,Waln Creek,C,17.252857142857142,8/24/2021,8/30/2021
64,CGT5,Claggett Creek,C,15.721130952380951,8/31/2021,9/6/2021
64,CRO1,Croisan Creek,C,15.83717261904762,8/31/2021,9/6/2021
64,CRO10,Croisan Creek,C,15.67501488095238,8/31/2021,9/6/2021
64,GIB1,Gibson Creek,C,15.588407738095238,8/31/2021,9/6/2021
64,GIB15,Gibson Creek,C,17.227907738095237,9/1/2022,9/7/2022
64,MRA1,Mill Race,C,19.465806547619046,9/1/2022,9/7/2022
64,MRA10,Mill Race,C,17.34125,8/31/2021,9/6/2021
64,SHE1,Shelton Ditch,C,17.10799107142857,8/31/2021,9/6/2021
64,SHE10,Shelton Ditch,C,16.953333333333333,8/31/2021,9/6/2021
64,WAL3,Waln Creek,C,16.899776785714288,8/31/2021,9/6/2021
65,CGT5,Claggett Creek,C,17.15465773809524,9/10/2021,9/9/2021
65,CRO1,Croisan Creek,C,16.56136904761905,9/10/2021,9/9/2021
65,CRO10,Croisan Creek,C,16.21297619047619,9/10/2021,9/9/2021
65,GIB1,Gibson Creek,C,16.212693452380954,9/10/2021,9/9/2021
65,GIB15,Gibson Creek,C,16.377363095238096,9/10/2022,9/9/2022
65,MRA1,Mill Race,C,17.590863095238095,9/10/2022,9/9/2022
65,MRA10,Mill Race,C,17.663273809523808,9/10/2021,9/9/2021
65,SHE1,Shelton Ditch,C,17.445416666666667,9/10/2021,9/9/2021
65,SHE10,Shelton Ditch,C,17.25763392857143,9/10/2021,9/9/2021
65,WAL3,Waln Creek,C,17.42267857142857,9/10/2021,9/9/2021
66,CGT5,Claggett Creek,C,16.344419642857144,9/14/2021,9/20/2021
66,CRO1,Croisan Creek,C,14.95671130952381,9/14/2021,9/20/2021
66,CRO10,Croisan Creek,C,15.125,9/14/2021,9/20/2021
66,GIB1,Gibson Creek,C,15.052366071428573,9/14/2021,9/20/2021
66,GIB15,Gibson Creek,C,15.533568452380953,9/15/2022,9/21/2022
66,MRA1,Mill Race,C,16.49433630952381,9/15/2022,9/21/2022
66,MRA10,Mill Race,C,15.980907738095238,9/14/2021,9/20/2021
66,SHE1,Shelton Ditch,C,15.83419642857143,9/14/2021,9/20/2021
66,SHE10,Shelton Ditch,C,15.674955357142858,9/14/2021,9/20/2021
66,WAL3,Waln Creek,C,15.849627976190476,9/14/2021,9/20/2021
67,CGT5,Claggett Creek,C,16.252380952380953,9/21/2021,9/27/2021
67,CRO1,Croisan Creek,C,15.208601190476191,9/21/2021,9/27/2021
67,CRO10,Croisan Creek,C,15.358973214285713,9/21/2021,9/27/2021
67,GIB1,Gibson Creek,C,15.1653125,9/21/2021,9/27/2021
67,GIB15,Gibson Creek,C,14.665485119047618,9/22/2022,9/28/2022
67,MRA1,Mill Race,C,16.199190476190477,9/22/2022,9/28/2022
67,MRA10,Mill Race,C,16.467455357142857,9/21/2021,9/27/2021
67,SHE1,Shelton Ditch,C,16.32302083333333,9/21/2021,9/27/2021
67,SHE10,Shelton Ditch,C,16.17784226190476,9/21/2021,9/27/2021
67,WAL3,Waln Creek,C,16.116488095238097,9/21/2021,9/27/2021
68,CGT5,Claggett Creek,C,14.281309523809524,10/1/2021,9/30/2021
68,CRO1,Croisan Creek,C,13.138620967741936,10/1/2021,9/30/2021
68,CRO10,Croisan Creek,C,13.482720478110599,10/1/2021,9/30/2021
68,GIB1,Gibson Creek,C,13.635284226190477,10/1/2021,9/30/2021
68,GIB15,Gibson Creek,C,14.866880208333333,10/1/2022,9/30/2022
68,MRA1,Mill Race,C,15.748902320906433,10/1/2022,9/30/2022
68,MRA10,Mill Race,C,14.260635416666666,10/1/2021,9/30/2021
68,SHE1,Shelton Ditch,C,14.090614583333334,10/1/2021,9/30/2021
68,SHE10,Shelton Ditch,C,14.480748655913978,10/1/2021,9/30/2021
68,WAL3,Waln Creek,C,13.893182219662059,10/1/2021,9/30/2021
69,CGT5,Claggett Creek,C,12.80247619047619,10/5/2021,5/3/2022
69,CRO1,Croisan Creek,C,10.927282738095238,5/3/2022,5/9/2022
69,CRO10,Croisan Creek,C,10.623019345238095,5/3/2022,5/9/2022
69,GIB1,Gibson Creek,C,11.39996875,5/3/2022,5/9/2022
69,MRA10,Mill Race,C,12.052300595238096,5/3/2022,5/9/2022
69,SHE1,Shelton Ditch,C,12.015583333333334,5/3/2022,5/9/2022
69,WAL3,Waln Creek,C,11.697927083333333,5/3/2022,5/9/2022
70,CGT5,Claggett Creek,C,12.476849702380951,5/10/2022,5/9/2022
70,CRO1,Croisan Creek,C,11.065422619047618,5/10/2022,5/16/2022
70,CRO10,Croisan Creek,C,10.73918005952381,5/10/2022,5/16/2022
70,GIB1,Gibson Creek,C,11.6635625,5/10/2022,5/16/2022
70,MRA10,Mill Race,C,12.425714285714285,5/10/2022,5/16/2022
70,SHE1,Shelton Ditch,C,12.401709821428572,5/10/2022,5/16/2022
70,WAL3,Waln Creek,C,11.90317857142857,5/10/2022,5/16/2022
71,CGT5,Claggett Creek,C,12.97439732142857,5/11/2022,5/17/2022
71,CRO1,Croisan Creek,C,11.800175595238095,5/17/2022,5/23/2022
71,CRO10,Croisan Creek,C,11.631162202380953,5/17/2022,5/23/2022
71,GIB1,Gibson Creek,C,12.635471726190477,5/17/2022,5/23/2022
71,MRA10,Mill Race,C,13.98881994047619,5/17/2022,5/23/2022
71,SHE1,Shelton Ditch,C,13.90842261904762,5/17/2022,5/23/2022
71,WAL3,Waln Creek,C,12.485407738095239,5/17/2022,5/23/2022
72,CGT5,Claggett Creek,C,13.784989583333333,5/18/2022,5/24/2022
72,CRO1,Croisan Creek,C,12.993322916666667,5/24/2022,5/30/2022
72,CRO10,Croisan Creek,C,12.736593749999999,5/24/2022,5/30/2022
72,GIB1,Gibson Creek,C,13.87529761904762,5/24/2022,5/30/2022
72,MRA10,Mill Race,C,15.321622023809525,5/24/2022,5/30/2022
72,SHE1,Shelton Ditch,C,15.167791666666666,5/24/2022,5/30/2022
72,WAL3,Waln Creek,C,13.383995535714286,5/24/2022,5/30/2022
73,CGT5,Claggett Creek,C,14.986934523809524,5/25/2022,5/31/2022
73,CRO1,Croisan Creek,C,13.998337797619048,5/31/2022,6/6/2022
73,CRO10,Croisan Creek,C,13.671822916666667,5/31/2022,6/6/2022
73,GIB1,Gibson Creek,C,14.861177083333335,5/31/2022,6/6/2022
73,MRA10,Mill Race,C,16.32416220238095,5/31/2022,6/6/2022
73,SHE1,Shelton Ditch,C,16.15625,5/31/2022,6/6/2022
73,WAL3,Waln Creek,C,14.243025297619047,5/31/2022,6/6/2022
74,CGT5,Claggett Creek,C,15.816962797619047,6/1/2022,6/7/2022
74,CRO1,Croisan Creek,C,13.62098363095238,6/10/2022,6/9/2022
74,CRO10,Croisan Creek,C,13.260558035714286,6/10/2022,6/9/2022
74,GIB1,Gibson Creek,C,14.467346726190476,6/10/2022,6/9/2022
74,MRA10,Mill Race,C,15.32857886904762,6/10/2022,6/9/2022
74,SHE1,Shelton Ditch,C,15.254125,6/10/2022,6/9/2022
74,WAL3,Waln Creek,C,13.98943005952381,6/10/2022,6/9/2022
75,CGT5,Claggett Creek,C,15.771080357142857,6/10/2022,6/9/2022
75,CRO1,Croisan Creek,C,13.117907738095237,6/14/2022,6/20/2022
75,CRO10,Croisan Creek,C,12.988004464285714,6/14/2022,6/20/2022
75,GIB1,Gibson Creek,C,13.758581845238096,6/14/2022,6/20/2022
75,MRA10,Mill Race,C,14.62667857142857,6/14/2022,6/20/2022
75,SHE1,Shelton Ditch,C,14.545813988095238,6/14/2022,6/20/2022
75,WAL3,Waln Creek,C,13.513745535714285,6/14/2022,6/20/2022
76,CGT5,Claggett Creek,C,15.350833333333334,6/15/2022,6/21/2022
76,CRO1,Croisan Creek,C,15.712315476190476,6/21/2022,6/27/2022
76,CRO10,Croisan Creek,C,14.92406994047619,6/21/2022,6/27/2022
76,GIB1,Gibson Creek,C,16.780949404761905,6/21/2022,6/27/2022
76,MRA10,Mill Race,C,19.257147321428572,6/21/2022,6/27/2022
76,SHE1,Shelton Ditch,C,19.000889880952382,6/21/2022,6/27/2022
76,WAL3,Waln Creek,C,16.04749107142857,6/21/2022,6/27/2022
77,CGT5,Claggett Creek,C,17.591162202380954,6/22/2022,6/28/2022
77,CRO1,Croisan Creek,C,15.699699404761905,6/28/2022,7/4/2022
77,CRO10,Croisan Creek,C,15.26286755952381,6/28/2022,7/4/2022
77,GIB1,Gibson Creek,C,16.939779761904763,6/28/2022,7/4/2022
77,MRA10,Mill Race,C,19.144879464285715,6/28/2022,7/4/2022
77,SHE1,Shelton Ditch,C,18.782364583333333,6/28/2022,7/4/2022
77,WAL3,Waln Creek,C,15.62432738095238,6/28/2022,7/4/2022
78,CGT5,Claggett Creek,C,17.698691964285715,6/29/2022,7/5/2022
78,CRO1,Croisan Creek,C,16.75266369047619,7/10/2022,7/9/2022
78,CRO10,Croisan Creek,C,16.05645238095238,7/10/2022,7/9/2022
78,GIB1,Gibson Creek,C,17.532660714285715,7/10/2022,7/9/2022
78,MRA10,Mill Race,C,20.115900297619046,7/10/2022,7/9/2022
78,SHE1,Shelton Ditch,C,19.854959821428572,7/10/2022,7/9/2022
78,WAL3,Waln Creek,C,16.795339285714284,7/10/2022,7/9/2022
79,CGT5,Claggett Creek,C,19.31916964285714,7/10/2022,7/9/2022
79,CRO1,Croisan Creek,C,17.28614136904762,7/12/2022,7/18/2022
79,CRO10,Croisan Creek,C,16.67593005952381,7/12/2022,7/18/2022
79,GIB1,Gibson Creek,C,17.78364732142857,7/12/2022,7/18/2022
79,MRA10,Mill Race,C,20.884418154761903,7/12/2022,7/18/2022
79,SHE1,Shelton Ditch,C,20.660105654761903,7/12/2022,7/18/2022
79,WAL3,Waln Creek,C,17.29810714285714,7/12/2022,7/18/2022
80,CGT5,Claggett Creek,C,18.849904761904764,7/13/2022,7/19/2022
80,CRO1,Croisan Creek,C,17.715434523809524,7/19/2022,7/25/2022
80,CRO10,Croisan Creek,C,18.527035714285713,7/19/2022,7/25/2022
80,GIB1,Gibson Creek,C,18.103949404761906,7/19/2022,7/25/2022
80,MRA10,Mill Race,C,21.33087648809524,7/19/2022,7/25/2022
80,SHE1,Shelton Ditch,C,21.107130952380952,7/19/2022,7/25/2022
80,WAL3,Waln Creek,C,18.182096726190476,7/19/2022,7/25/2022
81,CGT5,Claggett Creek,C,19.696961309523807,7/20/2022,7/26/2022
81,CRO1,Croisan Creek,C,20.22948363095238,7/26/2022,8/1/2022
81,CRO10,Croisan Creek,C,21.17664136904762,7/26/2022,8/1/2022
81,GIB1,Gibson Creek,C,20.13918898809524,7/26/2022,8/1/2022
81,MRA10,Mill Race,C,24.006846726190474,7/26/2022,8/1/2022
81,SHE1,Shelton Ditch,C,23.68691666666667,7/26/2022,8/1/2022
81,WAL3,Waln Creek,C,20.62053720238095,7/26/2022,8/1/2022
82,CGT5,Claggett Creek,C,21.27177232142857,7/27/2022,8/2/2022
82,CRO1,Croisan Creek,C,18.23842261904762,8/2/2022,8/8/2022
82,CRO10,Croisan Creek,C,19.451168154761906,8/2/2022,8/8/2022
82,GIB1,Gibson Creek,C,18.25284523809524,8/2/2022,8/8/2022
82,MRA10,Mill Race,C,21.63573363095238,8/2/2022,8/8/2022
82,SHE1,Shelton Ditch,C,21.361517857142857,8/2/2022,8/8/2022
82,WAL3,Waln Creek,C,18.57607738095238,8/2/2022,8/8/2022
83,CGT5,Claggett Creek,C,18.83341517857143,8/3/2022,8/9/2022
83,CRO1,Croisan Creek,C,17.76425744047619,8/10/2022,8/9/2022
83,CRO10,Croisan Creek,C,18.866875,8/10/2022,8/9/2022
83,GIB1,Gibson Creek,C,17.56260119047619,8/10/2022,8/9/2022
83,MRA10,Mill Race,C,20.53518154761905,8/10/2022,8/9/2022
83,SHE1,Shelton Ditch,C,20.301873511904763,8/10/2022,8/9/2022
83,WAL3,Waln Creek,C,18.108050595238094,8/10/2022,8/9/2022
84,CGT5,Claggett Creek,C,19.33959375,8/10/2022,8/16/2022
84,CRO1,Croisan Creek,C,18.900245535714287,8/16/2022,8/22/2022
84,CRO10,Croisan Creek,C,19.047183035714284,8/16/2022,8/22/2022
84,GIB1,Gibson Creek,C,18.330248511904763,8/16/2022,8/22/2022
84,MRA10,Mill Race,C,21.20318005952381,8/16/2022,8/22/2022
84,SHE1,Shelton Ditch,C,20.993111607142858,8/16/2022,8/22/2022
84,WAL3,Waln Creek,C,19.437709821428573,8/16/2022,8/22/2022
85,CGT5,Claggett Creek,C,20.13220386904762,8/17/2022,8/23/2022
85,CRO1,Croisan Creek,C,18.26582738095238,8/23/2022,8/29/2022
85,CRO10,Croisan Creek,C,17.87629761904762,8/23/2022,8/29/2022
85,GIB1,Gibson Creek,C,17.743294642857144,8/23/2022,8/29/2022
85,MRA10,Mill Race,C,20.774962797619047,8/23/2022,8/29/2022
85,SHE1,Shelton Ditch,C,20.55167857142857,8/23/2022,8/29/2022
85,WAL3,Waln Creek,C,18.734703869047618,8/23/2022,8/29/2022
86,CGT5,Claggett Creek,C,19.315467261904764,8/24/2022,8/30/2022
86,CRO1,Croisan Creek,C,17.875674107142856,8/30/2022,9/5/2022
86,CRO10,Croisan Creek,C,16.98904464285714,8/30/2022,9/5/2022
86,GIB1,Gibson Creek,C,17.21761011904762,8/30/2022,9/5/2022
86,MRA10,Mill Race,C,19.984559523809523,8/30/2022,9/5/2022
86,SHE1,Shelton Ditch,C,19.80660267857143,8/30/2022,9/5/2022
86,WAL3,Waln Creek,C,18.58948363095238,8/30/2022,9/5/2022
87,CGT5,Claggett Creek,C,18.397721726190476,8/31/2022,9/6/2022
87,CRO1,Croisan Creek,C,16.360010416666668,9/10/2022,9/9/2022
87,CRO10,Croisan Creek,C,15.6729375,9/10/2022,9/9/2022
87,GIB1,Gibson Creek,C,16.11249255952381,9/10/2022,9/9/2022
87,MRA10,Mill Race,C,17.713778273809524,9/10/2022,9/9/2022
87,SHE1,Shelton Ditch,C,17.632473214285714,9/10/2022,9/9/2022
87,WAL3,Waln Creek,C,17.25240625,9/10/2022,9/9/2022
88,CGT5,Claggett Creek,C,17.268035714285716,9/10/2022,9/9/2022
88,CRO1,Croisan Creek,C,16.112446428571428,9/13/2022,9/19/2022
88,CRO10,Croisan Creek,C,15.180157738095238,9/13/2022,9/19/2022
88,GIB1,Gibson Creek,C,15.844583333333333,9/13/2022,9/19/2022
88,MRA10,Mill Race,C,16.469559523809522,9/13/2022,9/19/2022
88,SHE1,Shelton Ditch,C,16.421144345238094,9/13/2022,9/19/2022
88,WAL3,Waln Creek,C,16.46434375,9/13/2022,9/19/2022
89,CGT5,Claggett Creek,C,16.789625,9/14/2022,9/20/2022
89,CRO1,Croisan Creek,C,15.168687499999999,9/20/2022,9/26/2022
89,CRO10,Croisan Creek,C,14.55275,9/20/2022,9/26/2022
89,GIB1,Gibson Creek,C,14.76013988095238,9/20/2022,9/26/2022
89,MRA10,Mill Race,C,16.02190476190476,9/20/2022,9/26/2022
89,SHE1,Shelton Ditch,C,15.949302083333333,9/20/2022,9/26/2022
89,WAL3,Waln Creek,C,15.967407738095238,9/20/2022,9/26/2022
90,CGT5,Claggett Creek,C,16.223558035714287,9/21/2022,9/27/2022
90,CRO1,Croisan Creek,C,15.293624040570176,10/1/2022,9/30/2022
90,CRO10,Croisan Creek,C,14.511019051535088,10/1/2022,9/30/2022
90,GIB1,Gibson Creek,C,15.012304344846491,10/1/2022,9/30/2022
90,MRA10,Mill Race,C,15.755937774122806,10/1/2022,9/30/2022
90,SHE1,Shelton Ditch,C,15.650551398026316,10/1/2022,9/30/2022
90,WAL3,Waln Creek,C,15.794997190241228,10/1/2022,9/30/2022
91,CGT5,Claggett Creek,C,15.993663377192982,10/1/2022,9/30/2022
